{
 "Title": [
  "Star Wars",
  "Star Wars: Episode IV - A New Hope"
 ],
 "Directed by": [
  "George Lucas"
 ],
 "Written by": [
  "George Lucas"
 ],
 "Produced by": [
  "Gary Kurtz"
 ],
 "Starring": [
  "Mark Hamill",
  "Harrison Ford",
  "Carrie Fisher",
  "Peter Cushing",
  "Alec Guinness"
 ],
 "Cinematography": [
  "Gilbert Taylor"
 ],
 "Edited by": [
  "Paul Hirsch",
  "Marcia Lucas",
  "Richard Chew"
 ],
 "Music by": [
  "John Williams"
 ],
 "Release date": [
  "May 25, 1977 (1977-05-25) (United States)"
 ],
 "Language": [
  "English"
 ],
 "Budget": [
  "$11 million"
 ],
 "Box office": [
  "$775.8 million"
 ],
 "Production companies": [
  "Lucasfilm Ltd."
 ],
 "Distribution companies": [
  "20th Century Fox"
 ]
}
