{
 "Title": [
  "Star Wars: The Rise of Skywalker",
  "Star Wars: Episode IX - The Rise of Skywalker"
 ],
 "Directed by": [
  "J. J. Abrams"
 ],
 "Screenplay by": [
  "Chris Terrio",
  "J. J. Abrams"
 ],
 "Story by": [
  "Derek Connolly",
  "Colin Trevorrow",
  "J. J. Abrams",
  "Chris Terrio"
 ],
 "Produced by": [
  "Kathleen Kennedy",
  "J. J. Abrams",
  "Michelle Rejwan"
 ],
 "Starring": [
  "Carrie Fisher",
  "Mark Hamill",
  "Adam Driver",
  "Daisy Ridley",
  "John Boyega",
  "Oscar Isaac",
  "Anthony Daniels",
  "Naomi Ackie",
  "Domhnall Gleeson",
  "Richard E. Grant",
  "Lupita Nyong'o",
  "Keri Russell",
  "Joonas Suotamo",
  "Kelly Marie Tran",
  "Ian McDiarmid",
  "Billy Dee Williams"
 ],
 "Cinematography": [
  "Dan Mindel"
 ],
 "Edited by": [
  "Maryann Brandon",
  "Stefan Grube"
 ],
 "Music by": [
  "John Williams"
 ],
 "Production companies": [
  "Lucasfilm Ltd.",
  "Bad Robot Productions"
 ],
 "Release date": [
  "December 16, 2019 (2019-12-16) (Los Angeles)",
  "December 20, 2019 (2019-12-20) (United States)"
 ],
 "Language": [
  "English"
 ],
 "Budget": [
  "$275 million"
 ],
 "Box office": [
  "$1.078 billion"
 ],
 "Distribution companies": [
  "Walt Disney Studios",
  "Motion Pictures"
 ]
}
