{
 "Title": [
  "The Dark Knight"
 ],
 "Directed by": [
  "Christopher Nolan"
 ],
 "Screenplay by": [
  "Jonathan Nolan",
  "Christopher Nolan"
 ],
 "Story by": [
  "Christopher Nolan",
  "David S. Goyer"
 ],
 "Produced by": [
  "Emma Thomas",
  "Charles Roven",
  "Christopher Nolan"
 ],
 "Starring": [
  "Christian Bale",
  "Michael Caine",
  "Heath Ledger",
  "Gary Oldman",
  "Aaron Eckhart",
  "Maggie Gyllenhaal",
  "Morgan Freeman"
 ],
 "Cinematography": [
  "Wally Pfister"
 ],
 "Edited by": [
  "Lee Smith"
 ],
 "Music by": [
  "Hans Zimmer",
  "James Newton Howard"
 ],
 "Production companies": [
  "Warner Bros. Pictures",
  "Legendary Pictures",
  "DC Comics",
  "Syncopy"
 ],
 "Release date": [
  "July 14, 2008 (2008-07-14) (New York City)",
  "July 18, 2008 (2008-07-18) (United States)",
  "July 25, 2008 (2008-07-25) (United Kingdom)"
 ],
 "Language": [
  "English"
 ],
 "Budget": [
  "$185 million"
 ],
 "Box office": [
  "$1.005 billion"
 ],
 "Distribution companies": [
  "Warner Bros. Pictures"
 ]
}
