{
 "Title": [
  "Avengers: Endgame"
 ],
 "Directed by": [
  "Anthony Russo",
  "Joe Russo"
 ],
 "Screenplay by": [
  "Christopher Markus",
  "Stephen McFeely"
 ],
 "Produced by": [
  "Kevin Feige"
 ],
 "Starring": [
  "Robert Downey Jr.",
  "Chris Evans",
  "Mark Ruffalo",
  "Chris Hemsworth",
  "Scarlett Johansson",
  "Jeremy Renner",
  "Don Cheadle",
  "Paul Rudd",
  "Brie Larson",
  "Karen Gillan",
  "Danai Gurira",
  "Benedict Wong",
  "Jon Favreau",
  "Bradley Cooper",
  "Gwyneth Paltrow",
  "Josh Brolin"
 ],
 "Cinematography": [
  "Trent Opaloch"
 ],
 "Edited by": [
  "Jeffrey Ford",
  "Matthew Schmidt"
 ],
 "Music by": [
  "Alan Silvestri"
 ],
 "Release date": [
  "April 22, 2019 (2019-04-22) (Los Angeles Convention Center)",
  "April 26, 2019 (2019-04-26) (United States)"
 ],
 "Language": [
  "English"
 ],
 "Budget": [
  "$356-400 million"
 ],
 "Box office": [
  "$2.798 billion"
 ],
 "Production companies": [
  "Marvel Studios"
 ],
 "Distribution companies": [
  "Walt Disney Studios",
  "Motion Pictures"
 ]
}
