{
 "Title": [
  "The Secret of Kells"
 ],
 "Directed by": [
  "Tomm Moore",
  "Nora Twomey"
 ],
 "Screenplay by": [
  "Fabrice Ziolkowski"
 ],
 "Story by": [
  "Tomm Moore"
 ],
 "Produced by": [
  "Paul Young",
  "Didier Brunner",
  "Vivian Van Fleteren"
 ],
 "Starring": [
  "Evan McGuire",
  "Brendan Gleeson",
  "Christen Mooney",
  "Mick Lally",
  "Michael McGrath",
  "Liam Hourican",
  "Paul Tylak",
  "Paul Young"
 ],
 "Edited by": [
  "Fabienne Alvarez-Giro"
 ],
 "Music by": [
  "Bruno Coulais",
  "Kíla"
 ],
 "Production companies": [
  "Les Armateurs",
  "Vivi Film",
  "Cartoon Saloon",
  "France 2 Cinéma"
 ],
 "Release date": [
  "30 January 2009 (2009-01-30) (Gérardmer Film Festival)",
  "11 February 2009 (2009-02-11) (France/Belgium)",
  "3 March 2009 (2009-03-03) (Ireland)"
 ],
 "Budget": [
  "$8 million"
 ],
 "Box office": [
  "$3.5 million"
 ],
 "Language": [
  "English",
  "Irish"
 ],
 "Distribution companies": [
  "Gébéka Films (France)",
  "Kinepolis Film Distribution (Belgium)",
  "Buena Vista International (Ireland)"
 ]
}
