{
 "Title": [
  "Return of the Jedi",
  "Star Wars: Episode VI - Return of the Jedi",
  "Revenge of the Jedi"
 ],
 "Directed by": [
  "Richard Marquand"
 ],
 "Screenplay by": [
  "Lawrence Kasdan",
  "George Lucas"
 ],
 "Story by": [
  "George Lucas"
 ],
 "Produced by": [
  "Howard Kazanjian"
 ],
 "Starring": [
  "Mark Hamill",
  "Harrison Ford",
  "Carrie Fisher",
  "Billy Dee Williams",
  "Anthony Daniels",
  "David Prowse",
  "Kenny Baker",
  "Peter Mayhew",
  "Frank Oz"
 ],
 "Cinematography": [
  "Alan Hume"
 ],
 "Edited by": [
  "Sean Barton",
  "Marcia Lucas",
  "Duwayne Dunham"
 ],
 "Music by": [
  "John Williams"
 ],
 "Release date": [
  "May 25, 1983 (1983-05-25) (United States)"
 ],
 "Language": [
  "English"
 ],
 "Budget": [
  "$32.5-42.7 million"
 ],
 "Box office": [
  "$475.1 million"
 ],
 "Production companies": [
  "Lucasfilm Ltd."
 ],
 "Distribution companies": [
  "20th Century Fox"
 ]
}
