{
 "Title": [
  "Black Widow"
 ],
 "Directed by": [
  "Cate Shortland"
 ],
 "Screenplay by": [
  "Eric Pearson"
 ],
 "Story by": [
  "Jac Schaeffer",
  "Ned Benson"
 ],
 "Produced by": [
  "Kevin Feige"
 ],
 "Starring": [
  "Scarlett Johansson",
  "Florence Pugh",
  "David Harbour",
  "O-T Fagbenle",
  "Olga Kurylenko",
  "William Hurt",
  "Ray Winstone",
  "Rachel Weisz"
 ],
 "Cinematography": [
  "Gabriel Beristain"
 ],
 "Edited by": [
  "Leigh Folsom Boyd",
  "Matthew Schmidt"
 ],
 "Music by": [
  "Lorne Balfe"
 ],
 "Release date": [
  "June 29, 2021 (2021-06-29) (world premieres)",
  "July 9, 2021 (2021-07-09) (United States)"
 ],
 "Language": [
  "English"
 ],
 "Budget": [
  "$200 million"
 ],
 "Box office": [
  "$379.6 million"
 ],
 "Production companies": [
  "Marvel Studios"
 ],
 "Distribution companies": [
  "Walt Disney Studios",
  "Motion Pictures"
 ]
}
