{
 "Title": [
  "Saving Private Ryan"
 ],
 "Directed by": [
  "Steven Spielberg"
 ],
 "Written by": [
  "Robert Rodat"
 ],
 "Produced by": [
  "Steven Spielberg",
  "Ian Bryce",
  "Mark Gordon",
  "Gary Levinsohn"
 ],
 "Starring": [
  "Tom Hanks",
  "Edward Burns",
  "Matt Damon",
  "Tom Sizemore"
 ],
 "Cinematography": [
  "Janusz Kamiński"
 ],
 "Edited by": [
  "Michael Kahn"
 ],
 "Music by": [
  "John Williams"
 ],
 "Production companies": [
  "DreamWorks Pictures",
  "Paramount Pictures",
  "Amblin Entertainment",
  "Mutual Film Company"
 ],
 "Release date": [
  "July 24, 1998 (1998-07-24)"
 ],
 "Language": [
  "English"
 ],
 "Budget": [
  "$70 million"
 ],
 "Box office": [
  "$482.3 million"
 ],
 "Distribution companies": [
  "DreamWorks Pictures (U.S. and Canada)",
  "Paramount Pictures (International)"
 ]
}
