{
 "Title": [
  "Spirited Away"
 ],
 "Directed by": [
  "Hayao Miyazaki"
 ],
 "Written by": [
  "Hayao Miyazaki"
 ],
 "Produced by": [
  "Toshio Suzuki"
 ],
 "Starring": [
  "Rumi Hiiragi",
  "Miyu Irino",
  "Mari Natsuki",
  "Takeshi Naito",
  "Yasuko Sawaguchi",
  "Tsunehiko Kamijō",
  "Takehiko Ono",
  "Bunta Sugawara"
 ],
 "Cinematography": [
  "Atsushi Okui"
 ],
 "Edited by": [
  "Takeshi Seyama"
 ],
 "Music by": [
  "Joe Hisaishi"
 ],
 "Release date": [
  "20 July 2001 (2001-07-20) (Japan)"
 ],
 "Language": [
  "Japanese"
 ],
 "Budget": [
  "¥1.9-2 billion (US$15-19.2 million)"
 ],
 "Box office": [
  "$395.8 million"
 ],
 "Production companies": [
  "Studio Ghibli"
 ],
 "Distribution companies": [
  "Toho"
 ]
}
