{
 "Title": [
  "Skyfall"
 ],
 "Directed by": [
  "Sam Mendes"
 ],
 "Written by": [
  "Neal PurvisRobert Wade",
  "John Logan"
 ],
 "Produced by": [
  "Michael G. Wilson",
  "Barbara Broccoli"
 ],
 "Starring": [
  "Daniel Craig",
  "Javier Bardem",
  "Ralph Fiennes",
  "Naomie Harris",
  "Bérénice Marlohe",
  "Albert Finney",
  "Judi Dench"
 ],
 "Cinematography": [
  "Roger Deakins"
 ],
 "Edited by": [
  "Stuart Baird",
  "Kate Baird"
 ],
 "Music by": [
  "Thomas Newman"
 ],
 "Production companies": [
  "Eon Productions",
  "Metro-Goldwyn-Mayer Pictures",
  "Columbia Pictures"
 ],
 "Release date": [
  "23 October 2012 (2012-10-23) (London)",
  "26 October 2012 (2012-10-26) (United Kingdom)",
  "9 November 2012 (2012-11-09) (United States)"
 ],
 "Language": [
  "English"
 ],
 "Budget": [
  "$150-200 million"
 ],
 "Box office": [
  "$1.109 billion"
 ],
 "Distribution companies": [
  "Sony Pictures Releasing"
 ]
}
