{
 "Title": [
  "The Wolf of Wall Street"
 ],
 "Directed by": [
  "Martin Scorsese"
 ],
 "Screenplay by": [
  "Terence Winter"
 ],
 "Produced by": [
  "Martin Scorsese",
  "Leonardo DiCaprio",
  "Riza Aziz",
  "Joey McFarland",
  "Emma Tillinger Koskoff"
 ],
 "Starring": [
  "Leonardo DiCaprio",
  "Jonah Hill",
  "Margot Robbie",
  "Matthew McConaughey",
  "Kyle Chandler",
  "Rob Reiner",
  "Jon Favreau",
  "Jean Dujardin",
  "Jon Bernthal"
 ],
 "Cinematography": [
  "Rodrigo Prieto"
 ],
 "Edited by": [
  "Thelma Schoonmaker"
 ],
 "Production companies": [
  "Red Granite Pictures",
  "Appian Way Productions",
  "Sikelia Productions",
  "EMJAG Productions"
 ],
 "Release date": [
  "December 17, 2013 (2013-12-17) (Ziegfeld Theatre)",
  "December 25, 2013 (2013-12-25) (United States)"
 ],
 "Language": [
  "English"
 ],
 "Budget": [
  "$100 million"
 ],
 "Box office": [
  "$392 million"
 ],
 "Distribution companies": [
  "Paramount Pictures"
 ]
}
