{
 "Title": [
  "The Dark Knight Rises"
 ],
 "Directed by": [
  "Christopher Nolan"
 ],
 "Screenplay by": [
  "Jonathan Nolan",
  "Christopher Nolan"
 ],
 "Story by": [
  "Christopher Nolan",
  "David S. Goyer"
 ],
 "Produced by": [
  "Emma Thomas",
  "Christopher Nolan",
  "Charles Roven"
 ],
 "Starring": [
  "Christian Bale",
  "Michael Caine",
  "Gary Oldman",
  "Anne Hathaway",
  "Tom Hardy",
  "Marion Cotillard",
  "Joseph Gordon-Levitt",
  "Morgan Freeman"
 ],
 "Cinematography": [
  "Wally Pfister"
 ],
 "Edited by": [
  "Lee Smith"
 ],
 "Music by": [
  "Hans Zimmer"
 ],
 "Production companies": [
  "Warner Bros. Pictures",
  "Legendary Pictures",
  "DC Entertainment",
  "Syncopy"
 ],
 "Release date": [
  "July 16, 2012 (2012-07-16) (New York City)",
  "July 20, 2012 (2012-07-20) (United States and United Kingdom)"
 ],
 "Language": [
  "English"
 ],
 "Budget": [
  "$250-300 million (gross)",
  "$230 million (net)"
 ],
 "Box office": [
  "$1.081 billion"
 ],
 "Distribution companies": [
  "Warner Bros. Pictures"
 ]
}
