{
 "Title": [
  "Schindler's List"
 ],
 "Directed by": [
  "Steven Spielberg"
 ],
 "Screenplay by": [
  "Steven Zaillian"
 ],
 "Produced by": [
  "Steven Spielberg",
  "Gerald R. Molen",
  "Branko Lustig"
 ],
 "Starring": [
  "Liam Neeson",
  "Ben Kingsley",
  "Ralph Fiennes",
  "Caroline Goodall",
  "Jonathan Sagall",
  "Embeth Davidtz"
 ],
 "Cinematography": [
  "Janusz Kamiński"  
 ],
 "Edited by": [
  "Michael Kahn"
 ],
 "Music by": [
  "John Williams"
 ],
 "Production companies": [
  "Amblin Entertainment",
  "Universal Pictures"
 ],
 "Release date": [
  "November 30, 1993 (1993-11-30) (Washington, D.C.)",
  "December 15, 1993 (1993-12-15) (United States)"
 ],
 "Language": [
  "English"
 ],
 "Budget": [
  "$22 million"
 ],
 "Box office": [
  "$322.2 million"
 ],
 "Distribution companies": [
  "Universal Pictures"
 ]
}
