{
 "Title": [
  "Quantum of Solace"
 ],
 "Directed by": [
  "Marc Forster"
 ],
 "Written by": [
  "Paul Haggis",
  "Neal PurvisRobert Wade"
 ],
 "Produced by": [
  "Michael G. Wilson",
  "Barbara Broccoli"
 ],
 "Starring": [
  "Daniel Craig",
  "Olga Kurylenko",
  "Mathieu Amalric",
  "Giancarlo Giannini",
  "Jeffrey Wright",
  "Judi Dench"
 ],
 "Cinematography": [
  "Roberto Schaefer"
 ],
 "Edited by": [
  "Matt Chesse",
  "Richard Pearson"
 ],
 "Music by": [
  "David Arnold"
 ],
 "Production companies": [
  "Eon Productions",
  "Metro-Goldwyn-Mayer Pictures",
  "Columbia Pictures"
 ],
 "Release date": [
  "29 October 2008 (2008-10-29) (London)",
  "31 October 2008 (2008-10-31) (United Kingdom)",
  "14 November 2008 (2008-11-14) (United States)"
 ],
 "Language": [
  "English"
 ],
 "Budget": [
  "$200-230 million"
 ],
 "Box office": [
  "$589.6 million"
 ],
 "Distribution companies": [
  "Sony Pictures Releasing"
 ]
}
