{
 "Title": [
  "Titanic"
 ],
 "Directed by": [
  "James Cameron"
 ],
 "Written by": [
  "James Cameron"
 ],
 "Produced by": [
  "James Cameron",
  "Jon Landau"
 ],
 "Starring": [
  "Leonardo DiCaprio",
  "Kate Winslet",
  "Billy Zane",
  "Kathy Bates",
  "Frances Fisher",
  "Bernard Hill",
  "Jonathan Hyde",
  "Danny Nucci",
  "David Warner",
  "Bill Paxton"
 ],
 "Cinematography": [
  "Russell Carpenter"
 ],
 "Edited by": [
  "Conrad Buff",
  "James Cameron",
  "Richard A. Harris"
 ],
 "Music by": [
  "James Horner"
 ],
 "Production companies": [
  "Paramount Pictures",
  "20th Century Fox",
  "Lightstorm Entertainment"
 ],
 "Release date": [
  "November 1, 1997 (1997-11-01) (Tokyo)",
  "December 19, 1997 (1997-12-19) (United States)"
 ],
 "Language": [
  "English"
 ],
 "Budget": [
  "$200 million"
 ],
 "Box office": [
  "$2.202 billion"
 ],
 "Distribution companies": [
  "Paramount Pictures(North America)",
  "20th Century Fox(International)"
 ]
}
