{
 "Title": [
  "Sathi"
 ],
 "Directed by": [
  "Haranath Chakraborty"
 ],
 "Written by": [
  "Monotosh Chakraborty (Screenplay & Dialogues)"
 ],
 "Story by": [
  "Ezhil"
 ],
 "Produced by": [
  "Shree Venkatesh Films"
 ],
 "Starring": [
  "Jeet",
  "Priyanka Trivedi",
  "Ranjit Mallick"
 ],
 "Cinematography": [
  "V. Prabhakar"
 ],
 "Edited by": [
  "Swapan Guha"
 ],
 "Music by": [
  "S. P. Venkatesh"
 ],
 "Release date": [
  "14 June 2002 (2002-06-14)"
 ],
 "Language": [
  "Bengali"
 ],
 "Box office": [
  "₹10 crore"
 ],
 "Distribution companies": [
  "Shree Venkatesh Films"
 ]
}
