{
 "Title": [
  "Muhammad: The Messenger of God"
 ],
 "Directed by": [
  "Majid Majidi"
 ],
 "Written by": [
  "Majid Majidi",
  "Hamid Amjad",
  "Kambuzia Partovi"
 ],
 "Produced by": [
  "Muhammad Mehdi Heidarian",
  "Mohammadreza Saberi",
  "Majid Majidi"
 ],
 "Starring": [
  "Mahdi Pakdel",
  "Alireza Shoja Nouri",
  "Mohsen Tanabandeh",
  "Sareh Bayat",
  "Alireza jalili",
  "Mina Sadati",
  "Rana Azadivar"
 ],
 "Cinematography": [
  "Vittorio Storaro"
 ],
 "Edited by": [
  "Roberto Perpignani"
 ],
 "Music by": [
  "A. R. Rahman"
 ],
 "Production companies": [
  "Noor-e-Taban Film Company Production",
  "Infinite Production Company GmbH"
 ],
 "Release date": [
  "12 February 2015 (2015-02-12)"
 ],
 "Budget": [
  "$40 million"
 ],
 "Language": [
  "Persian",
  "Aramaic",
  "Arabic"
 ]
}
