{
 "Title": [
  "Qismat"
 ],
 "Directed by": [
  "Jagdeep Sidhu"
 ],
 "Written by": [
  "Jagdeep Sidhu"
 ],
 "Produced by": [
  "Ankit Vijan",
  "Navdeep Narula",
  "Jatinder Aulukh",
  "Shubham Goyal"
 ],
 "Starring": [
  "Ammy Virk",
  "Sargun Mehta",
  "Guggu Gill",
  "Satwant Kaur",
  "Tania",
  "Hardeep Gill",
  "Harby Sangha"
 ],
 "Cinematography": [
  "Jalesh Oberoi"
 ],
 "Edited by": [
  "Manish More"
 ],
 "Music by": [
  "B Praak",
  "Sukh E"
 ],
 "Release date": [
  "21 September 2018 (2018-09-21) (India)"
 ],
 "Language": [
  "Punjabi"
 ],
 "Budget": [
  "₹6.00 crore"
 ],
 "Box office": [
  "est. ₹31.28 crore (US$4.2 million)"
 ],
 "Production companies": [
  "Shri Narotam Ji Production"
 ],
 "Distribution companies": [
  "White Hill Studios"
 ]
}
