{
 "Title": [
  "Black Panther"
 ],
 "Directed by": [
  "Ryan Coogler"
 ],
 "Written by": [
  "Ryan Coogler",
  "Joe Robert Cole"
 ],
 "Produced by": [
  "Kevin Feige"
 ],
 "Starring": [
  "Chadwick Boseman",
  "Michael B. Jordan",
  "Lupita Nyong'o",
  "Danai Gurira",
  "Martin Freeman",
  "Daniel Kaluuya",
  "Letitia Wright",
  "Winston Duke",
  "Angela Bassett",
  "Forest Whitaker",
  "Andy Serkis"
 ],
 "Cinematography": [
  "Rachel Morrison"
 ],
 "Edited by": [
  "Michael P. Shawver",
  "Debbie Berman"
 ],
 "Music by": [
  "Ludwig Göransson"
 ],
 "Release date": [
  "January 29, 2018 (2018-01-29) (Dolby Theatre)",
  "February 16, 2018 (2018-02-16) (United States)"
 ],
 "Language": [
  "English"
 ],
 "Budget": [
  "$200 million"
 ],
 "Box office": [
  "$1.348 billion"
 ],
 "Production companies": [
  "Marvel Studios"
 ],
 "Distribution companies": [
  "Walt Disney Studios",
  "Motion Pictures"
 ]
}
