{
 "Title": [
  "Baahubali 2: The Conclusion"
 ],
 "Directed by": [
  "S. S. Rajamouli"
 ],
 "Screenplay by": [
  "S. S. Rajamouli"
 ],
 "Story by": [
  "K. V. Vijayendra Prasad"
 ],
 "Produced by": [
  "Shobu Yarlagadda",
  "Prasad Devineni"
 ],
 "Starring": [
  "Prabhas",
  "Rana Daggubati",
  "Anushka Shetty",
  "Tamannaah",
  "Ramya Krishna",
  "Sathyaraj",
  "Nassar",
  "Subbaraju"
 ],
 "Cinematography": [
  "K. K. Senthil Kumar"
 ],
 "Edited by": [
  "Kotagiri Venkateswara Rao",
  "Thammi Raju"
 ],
 "Music by": [
  "M. M. Keeravani"
 ],
 "Release date": [
  "28 April 2017 (2017-04-28)"
 ],
 "Budget": [
  "₹250 crore"
 ],
 "Box office": [
  "est.",
  "₹1,810 crore"
 ],
 "Language": [
  "Telugu",
  "Tamil"
 ],
 "Production companies": [
  "Arka Media Works"
 ],
 "Distribution companies": [
  "Arka Media Works (Telugu)",
  "K Productions (Tamil)",
  "Global United Media (Malayalam)",
  "AA Films (Hindi)"
 ]
}
