{
 "Title": [
  "Gangs of New York"
 ],
 "Directed by": [
  "Martin Scorsese"
 ],
 "Screenplay by": [
  "Jay Cocks",
  "Steven Zaillian",
  "Kenneth Lonergan"
 ],
 "Story by": [
  "Jay Cocks"
 ],
 "Produced by": [
  "Alberto Grimaldi",
  "Harvey Weinstein"
 ],
 "Starring": [
  "Leonardo DiCaprio",
  "Daniel Day-Lewis",
  "Cameron Diaz"
 ],
 "Narrated by": [
  "Leonardo DiCaprio"
 ],
 "Cinematography": [
  "Michael Ballhaus"
 ],
 "Edited by": [
  "Thelma Schoonmaker"
 ],
 "Music by": [
  "Howard Shore"
 ],
 "Production companies": [
  "Touchstone Pictures",
  "Miramax Films",
  "Alberto Grimaldi Productions",
  "Initial Entertainment Group"
 ],
 "Release date": [
  "December 20, 2002 (2002-12-20)"
 ],
 "Language": [
  "English"
 ],
 "Budget": [
  "$100 million"
 ],
 "Box office": [
  "$193.8 million"
 ],
 "Distribution companies": [
  "Buena Vista Pictures Distribution"
 ]
}
