{
 "Title": [
  "Ne Zha",
  "Nezha"
 ],
 "Directed by": [
  "Jiaozi (Yu Yang)"
 ],
 "Screenplay by": [
  "Jiaozi (Yu Yang)"
 ],
 "Story by": [
  "Yi Qiao",
  "Wei Yunyun"
 ],
 "Produced by": [
  "Wei Yunyun",
  "Liu Wenzhang"
 ],
 "Starring": [
  "Lü Yanting",
  "Joseph",
  "Han Mo",
  "Chen Hao",
  "Lü Qi",
  "Zhang Jiaming",
  "Yang Wei"
 ],
 "Music by": [
  "Wan Pin Chu"
 ],
 "Release date": [
  "11 July 2019 (2019-07-11) (Beijing)",
  "13 July 2019 (2019-07-13) (IMAX, CFGS)",
  "26 July 2019 (2019-07-26)"
 ],
 "Language": [
  "Mandarin"
 ],
 "Budget": [
  "$20 million "
 ],
 "Box office": [
  "$742.5 million"
 ],
 "Production companies": [
  "Chengdu Coco Cartoon (Chinese: 可可豆动画)"
 ],
 "Distribution companies": [
  "Beijing Enlight Pictures"
 ]
}
