{
 "Title": [
  "Jurassic Park"
 ],
 "Directed by": [
  "Steven Spielberg"
 ],
 "Screenplay by": [
  "Michael Crichton",
  "David Koepp"
 ],
 "Produced by": [
  "Kathleen Kennedy",
  "Gerald R. Molen"
 ],
 "Starring": [
  "Sam Neill",
  "Laura Dern",
  "Jeff Goldblum",
  "Richard Attenborough",
  "Bob Peck",
  "Martin Ferrero",
  "BD Wong",
  "Samuel L. Jackson",
  "Wayne Knight",
  "Joseph Mazzello",
  "Ariana Richards"
 ],
 "Cinematography": [
  "Dean Cundey"
 ],
 "Edited by": [
  "Michael Kahn"
 ],
 "Music by": [
  "John Williams"
 ],
 "Release date": [
  "June 9, 1993 (1993-06-09) (Uptown Theater)",
  "June 11, 1993 (1993-06-11) (United States)"
 ],
 "Language": [
  "English"
 ],
 "Budget": [
  "$63 million"
 ],
 "Box office": [
  "$1.034 billion"
 ],
 "Production companies": [
  "Amblin Entertainment"
 ],
 "Distribution companies": [
  "Universal Pictures"
 ]
}
