{
 "Title": [
  "Lucifer"
 ],
 "Directed by": [
  "Prithviraj Sukumaran"
 ],
 "Written by": [
  "Murali Gopy"
 ],
 "Produced by": [
  "Antony Perumbavoor"
 ],
 "Starring": [
  "Mohanlal"
 ],
 "Cinematography": [
  "Sujith Vaassudev"
 ],
 "Edited by": [
  "Samjith Mohammed"
 ],
 "Music by": [
  "Deepak Dev"
 ],
 "Release date": [
  "28 March 2019 (2019-03-28)"
 ],
 "Language": [
  "Malayalam"
 ],
 "Budget": [
  "₹30 crore"
 ],
 "Box office": [
  "est. ₹175 crore"
 ],
 "Production companies": [
  "Aashirvad Cinemas"
 ],
 "Distribution companies": [
  "Maxlab Cinemas and Entertainments"
 ]
}
