{
 "Title": [
  "2 Fast 2 Furious"
 ],
 "Directed by": [
  "John Singleton"
 ],
 "Screenplay by": [
  "Michael Brandt",
  "Derek Haas"
 ],
 "Story by": [
  "Gary Scott Thompson",
  "Michael Brandt",
  "Derek Haas"
 ],
 "Produced by": [
  "Neal H. Moritz"
 ],
 "Starring": [
  "Paul Walker",
  "Tyrese Gibson",
  "Eva Mendes",
  "Cole Hauser",
  "Chris \"Ludacris\" Bridges",
  "James Remar"
 ],
 "Cinematography": [
  "Matthew F. Leonetti"
 ],
 "Edited by": [
  "Bruce Cannon",
  "Dallas Puett"
 ],
 "Music by": [
  "David Arnold"
 ],
 "Production companies": [
  "Universal Pictures"
 ],
 "Release date": [
  "June 6, 2003 (2003-06-06) (United States)"
 ],
 "Language": [
  "English"
 ],
 "Budget": [
  "$76 million"
 ],
 "Box office": [
  "$236.4 million"
 ],
 "Distribution companies": [
  "Universal Pictures"
 ]
}
