{
 "Title": [
  "Die Another Day"
 ],
 "Directed by": [
  "Lee Tamahori"
 ],
 "Written by": [
  "Neal PurvisRobert Wade"
 ],
 "Produced by": [
  "Michael G. Wilson",
  "Barbara Broccoli"
 ],
 "Starring": [
  "Pierce Brosnan",
  "Halle Berry",
  "Toby Stephens",
  "Rosamund Pike",
  "Rick Yune",
  "John Cleese",
  "Judi Dench",
  "Michael Madsen"
 ],
 "Cinematography": [
  "David Tattersall"
 ],
 "Edited by": [
  "Christian Wagner"
 ],
 "Music by": [
  "David Arnold"
 ],
 "Production companies": [
  "Eon Productions",
  "Metro-Goldwyn-Mayer Pictures"
 ],
 "Release date": [
  "20 November 2002 (2002-11-20) (United Kingdom)",
  "22 November 2002 (2002-11-22) (United States)"
 ],
 "Language": [
  "English"
 ],
 "Budget": [
  "$142 million"
 ],
 "Box office": [
  "$431.9 million"
 ],
 "Distribution companies": [
  "MGM Distribution Co. (United States)",
  "20th Century Fox (International)"
 ]
}
