{
 "Title": [
  "Sairat"
 ],
 "Directed by": [
  "Nagraj Manjule"
 ],
 "Written by": [
  "Nagraj Manjule",
  "Bharat Manjule"
 ],
 "Produced by": [
  "Nittin Keni",
  "Nikhil Sane",
  "Nagraj Manjule"
 ],
 "Starring": [
  "Akash Thosar",
  "Rinku Rajguru"
 ],
 "Cinematography": [
  "Sudhakar Reddy Yakkanti"
 ],
 "Edited by": [
  "Kutub Inamdar"
 ],
 "Music by": [
  "Ajay-Atul"
 ],
 "Production companies": [
  "Zee Studios",
  "Aatpat Production",
  "Essel Vision Productions"
 ],
 "Release date": [
  "29 April 2016 (2016-04-29)"
 ],
 "Language": [
  "Marathi"
 ],
 "Budget": [
  "₹4 crore"
 ],
 "Box office": [
  "est. ₹110 crore"
 ],
 "Distribution companies": [
  "Zee Studios"
 ]
}
