{
 "Title": [
  "Captain America: Civil War"
 ],
 "Directed by": [
  "Anthony RussoJoe Russo",
  "Anthony Russo",
  "Joe Russo"
 ],
 "Screenplay by": [
  "Christopher MarkusStephen McFeely",
  "Christopher Markus",
  "Stephen McFeely"
 ],
 "Produced by": [
  "Kevin Feige"
 ],
 "Starring": [
  "Chris Evans",
  "Robert Downey Jr.",
  "Scarlett Johansson",
  "Sebastian Stan",
  "Anthony Mackie",
  "Don Cheadle",
  "Jeremy Renner",
  "Chadwick Boseman",
  "Paul Bettany",
  "Elizabeth Olsen",
  "Paul Rudd",
  "Emily VanCamp",
  "Tom Holland",
  "Frank Grillo",
  "William Hurt",
  "Daniel Brühl"
 ],
 "Cinematography": [
  "Trent Opaloch"
 ],
 "Edited by": [
  "Jeffrey Ford",
  "Matthew Schmidt"
 ],
 "Music by": [
  "Henry Jackman"
 ],
 "Release date": [
  "April 12, 2016 (2016-04-12) (Dolby Theatre)",
  "May 6, 2016 (2016-05-06) (United States)"
 ],
 "Language": [
  "English"
 ],
 "Budget": [
  "$250 million"
 ],
 "Box office": [
  "$1.153 billion"
 ],
 "Production companies": [
  "Marvel Studios"
 ],
 "Distribution companies": [
  "Walt Disney Studios",
  "Motion Pictures"
 ]
}
