{
 "Title": [
  "Enthiran"
 ],
 "Directed by": [
  "S. Shankar"
 ],
 "Written by": [
  "Sujatha",
  "(Dialogues)"
 ],
 "Screenplay by": [
  "S. Shankar"
 ],
 "Story by": [
  "S. Shankar"
 ],
 "Produced by": [
  "Kalanithi Maran"
 ],
 "Starring": [
  "Rajinikanth",
  "Aishwarya Rai Bachchan",
  "Danny Denzongpa"
 ],
 "Cinematography": [
  "R. Rathnavelu"
 ],
 "Edited by": [
  "Anthony"
 ],
 "Music by": [
  "A. R. Rahman"
 ],
 "Release date": [
  "1 October 2010 (2010-10-01)"
 ],
 "Language": [
  "Tamil"
 ],
 "Budget": [
  "est. ₹132-162 crore"
 ],
 "Production companies": [
  "Sun Pictures"
 ],
 "Distribution companies": [
  "Sun Pictures"
 ]
}
