{
 "Title": [
  "Lagaan",
  "Lagaan: Once Upon a Time in India"
 ],
 "Directed by": [
  "Ashutosh Gowariker"
 ],
 "Screenplay by": [
  "Ashutosh Gowariker",
  " Kumar Dave ",
  " Sanjay Dayma"
 ],
 "Story by": [
  "Ashutosh Gowariker",
  ""
 ],
 "Dialogue by": [
  "K. P. Saxena",
  "(Hindi)",
  "Ashutosh Gowariker",
  "(English)"
 ],
 "Produced by": [
  "Aamir Khan"
 ],
 "Starring": [
  "Aamir Khan",
  "Gracy Singh",
  "Rachel Shelley",
  "Paul Blackthorne"
 ],
 "Narrated by": [
  "Amitabh Bachchan"
 ],
 "Cinematography": [
  "Anil Mehta"
 ],
 "Edited by": [
  "Ballu Saluja"
 ],
 "Music by": [
  "A. R. Rahman"
 ],
 "Release date": [
  "15 June 2001 (2001-06-15)"
 ],
 "Budget": [
  "₹25 crore"
 ],
 "Box office": [
  "est. ₹65.97 crore"
 ],
 "Language": [
  "Hindi ",
  " Bhojpuri ",
  " Urdu ",
  " English ",
  " Awadhi ",
  " Punjabi"
 ],
 "Production companies": [
  "Aamir Khan Productions"
 ],
 "Distribution companies": [
  "SET Pictures"
 ]
}
