{
 "Title": [
  "Iron Man"
 ],
 "Directed by": [
  "Jon Favreau"
 ],
 "Screenplay by": [
  "Mark FergusHawk Ostby",
  "Art MarcumMatt Holloway"
 ],
 "Produced by": [
  "Avi Arad",
  "Kevin Feige"
 ],
 "Starring": [
  "Robert Downey Jr.",
  "Terrence Howard",
  "Jeff Bridges",
  "Shaun Toub",
  "Gwyneth Paltrow"
 ],
 "Cinematography": [
  "Matthew Libatique"
 ],
 "Edited by": [
  "Dan Lebental"
 ],
 "Music by": [
  "Ramin Djawadi"
 ],
 "Release date": [
  "April 14, 2008 (2008-04-14) (Sydney)",
  "May 2, 2008 (2008-05-02) (United States)"
 ],
 "Language": [
  "English"
 ],
 "Budget": [
  "$140 million"
 ],
 "Box office": [
  "$585.8 million"
 ],
 "Production companies": [
  "Marvel Studios"
 ],
 "Distribution companies": [
  "Paramount Pictures[N 1]"
 ]
}
