{
 "Title": [
  "Baahubali: The Beginning"
 ],
 "Directed by": [
  "S. S. Rajamouli"
 ],
 "Screenplay by": [
  "S. S. Rajamouli"
 ],
 "Story by": [
  "K. V. Vijayendra Prasad"
 ],
 "Produced by": [
  "Shobu Yarlagadda",
  "Prasad Devineni"
 ],
 "Starring": [
  "Prabhas",
  "Rana Daggubati",
  "Tamannaah",
  "Anushka Shetty",
  "Ramya Krishna",
  "Sathyaraj",
  "Nassar"
 ],
 "Cinematography": [
  "K. K. Senthil Kumar"
 ],
 "Edited by": [
  "Kotagiri Venkateswara Rao"
 ],
 "Music by": [
  "M. M. Keeravani"
 ],
 "Release date": [
  "10 July 2015 (2015-07-10)"
 ],
 "Budget": [
  "₹1.8 billion"
 ],
 "Box office": [
  "est. ₹6.5 billion"
 ],
 "Language": [
  "Telugu",
  "Tamil"
 ],
 "Production companies": [
  "Arka Media Works"
 ],
 "Distribution companies": [
  "Arka Media Works",
  "Studio Green",
  "Sri Thenandal Films",
  "UV Creations",
  "Dharma Productions",
  "AA Films"
 ]
}
