{
 "Title": [
  "Andhadhun"
 ],
 "Directed by": [
  "Sriram Raghavan"
 ],
 "Written by": [
  "Sriram Raghavan",
  "Hemanth M. Rao",
  "Pooja Ladha Surti",
  "Arijit Biswas",
  "Yogesh Chandekar"
 ],
 "Produced by": [
  "Sudhanshu Vats",
  "Ajit Andhare",
  "Gaurav Nanda",
  "Ashok Vasodia",
  "Kewal Garg",
  "Sanjay Routray",
  "Odette Mayfair-Joy"
 ],
 "Starring": [
  "Tabu",
  "Ayushmann Khurrana",
  "Radhika Apte"
 ],
 "Cinematography": [
  "K. U. Mohanan"
 ],
 "Edited by": [
  "Pooja Ladha Surti"
 ],
 "Music by": [
  "Daniel B. George",
  "Amit Trivedi",
  "Raftaar",
  "Girish Nakod"
 ],
 "Production companies": [
  "Viacom 18 Motion Pictures",
  "Matchbox Pictures"
 ],
 "Release date": [
  "5 October 2018 (2018-10-05) (India)"
 ],
 "Language": [
  "Hindi"
 ],
 "Budget": [
  "₹32 crore"
 ],
 "Box office": [
  "est. ₹456 crore"
 ],
 "Distribution companies": [
  "Viacom 18 Motion Pictures"
 ]
}
