{
 "Title": [
  "A Bug's Life"
 ],
 "Directed by": [
  "John Lasseter"
 ],
 "Screenplay by": [
  "Andrew Stanton",
  "Donald McEnery",
  "Bob Shaw"
 ],
 "Story by": [
  "John Lasseter",
  "Andrew Stanton",
  "Joe Ranft"
 ],
 "Produced by": [
  "Darla K. Anderson",
  "Kevin Reher"
 ],
 "Starring": [
  "Dave Foley",
  "Kevin Spacey",
  "Julia Louis-Dreyfus"
 ],
 "Cinematography": [
  "Sharon Calahan"
 ],
 "Edited by": [
  "Lee Unkrich"
 ],
 "Music by": [
  "Randy Newman"
 ],
 "Production companies": [
  "Walt Disney Pictures",
  "Pixar Animation Studios"
 ],
 "Release date": [
  "November 20, 1998 (1998-11-20)"
 ],
 "Language": [
  "English"
 ],
 "Budget": [
  "$120 million"
 ],
 "Box office": [
  "$363.3 million"
 ],
 "Distribution companies": [
  "Buena Vista Pictures Distribution"
 ]
}
