{
 "Title": [
  "Drishyam"
 ],
 "Directed by": [
  "Jeethu Joseph"
 ],
 "Written by": [
  "Jeethu Joseph"
 ],
 "Produced by": [
  "Antony Perumbavoor"
 ],
 "Starring": [
  "Mohanlal",
  "Meena",
  "Ansiba Hassan",
  "Esther Anil",
  "Asha Sarath",
  "Siddique"
 ],
 "Cinematography": [
  "Sujith Vaassudev"
 ],
 "Edited by": [
  "Ayoob Khan"
 ],
 "Music by": [
  "Anil Johnson",
  "Vinu Thomas",
  "Anil Johnson"
 ],
 "Release date": [
  "19 December 2013 (2013-12-19) (India)"
 ],
 "Language": [
  "Malayalam"
 ],
 "Budget": [
  "₹35-50 million"
 ],
 "Box office": [
  "est.₹750 million"
 ],
 "Production companies": [
  "Aashirvad Cinemas"
 ],
 "Distribution companies": [
  "Maxlab Cinemas and Entertainments (India)"
 ]
}
