{
 "Title": [
  "The Spy Who Loved Me"
 ],
 "Directed by": [
  "Lewis Gilbert"
 ],
 "Screenplay by": [
  "Christopher Wood",
  "Richard Maibaum"
 ],
 "Produced by": [
  "Albert R. Broccoli"
 ],
 "Starring": [
  "Roger Moore",
  "Barbara Bach",
  "Curt Jürgens"
 ],
 "Cinematography": [
  "Claude Renoir"
 ],
 "Edited by": [
  "John Glen"
 ],
 "Music by": [
  "Marvin Hamlisch"
 ],
 "Release date": [
  "7 July 1977 (1977-07-07) (London, premiere)",
  "13 July 1977 (1977-07-13) (USA)"
 ],
 "Language": [
  "English"
 ],
 "Budget": [
  "$13.5 million"
 ],
 "Box office": [
  "$185.4 million"
 ],
 "Production companies": [
  "Eon Productions"
 ],
 "Distribution companies": [
  "United Artists"
 ]
}
