{
 "Title": [
  "Jerry Maguire"
 ],
 "Directed by": [
  "Cameron Crowe"
 ],
 "Written by": [
  "Cameron Crowe"
 ],
 "Produced by": [
  "James L. Brooks",
  "Richard Sakai",
  "Laurence Mark",
  "Cameron Crowe"
 ],
 "Starring": [
  "Tom Cruise",
  "Cuba Gooding Jr.",
  "Renée Zellweger",
  "Kelly Preston",
  "Jerry O'Connell",
  "Jay Mohr",
  "Bonnie Hunt"
 ],
 "Cinematography": [
  "Janusz Kamiński"
 ],
 "Edited by": [
  "Joe Hutshing"
 ],
 "Music by": [
  "Nancy Wilson"
 ],
 "Production companies": [
  "TriStar Pictures",
  "Gracie Films",
  "Vinyl Films"
 ],
 "Release date": [
  "December 13, 1996 (1996-12-13)"
 ],
 "Language": [
  "English"
 ],
 "Budget": [
  "$50 million"
 ],
 "Box office": [
  "$273.6 million"
 ],
 "Distribution companies": [
  "Sony Pictures Releasing"
 ]
}
