{
 "Title": [
  "Star Wars: The Last Jedi",
  "Star Wars: Episode VIII - The Last Jedi"
 ],
 "Directed by": [
  "Rian Johnson"
 ],
 "Written by": [
  "Rian Johnson"
 ],
 "Produced by": [
  "Kathleen Kennedy",
  "Ram Bergman"
 ],
 "Starring": [
  "Mark Hamill",
  "Carrie Fisher",
  "Adam Driver",
  "Daisy Ridley",
  "John Boyega",
  "Oscar Isaac",
  "Andy Serkis",
  "Lupita Nyong'o",
  "Domhnall Gleeson",
  "Anthony Daniels",
  "Gwendoline Christie",
  "Kelly Marie Tran",
  "Laura Dern",
  "Benicio del Toro"
 ],
 "Cinematography": [
  "Steve Yedlin"
 ],
 "Edited by": [
  "Bob Ducsay"
 ],
 "Music by": [
  "John Williams"
 ],
 "Release date": [
  "December 9, 2017 (2017-12-09) (Shrine Auditorium)",
  "December 15, 2017 (2017-12-15) (United States)"
 ],
 "Language": [
  "English"
 ],
 "Budget": [
  "$200-317 million"
 ],
 "Box office": [
  "$1.333 billion"
 ],
 "Production companies": [
  "Lucasfilm Ltd."
 ],
 "Distribution companies": [
  "Walt Disney Studios",
  "Motion Pictures"
 ]
}
