{
 "Title": [
  "Ip Man"
 ],
 "Directed by": [
  "Wilson Yip"
 ],
 "Written by": [
  "Edmond Wong",
  "Chan Tai-lee"
 ],
 "Produced by": [
  "Raymond Wong"
 ],
 "Starring": [
  "Donnie Yen",
  "Simon Yam",
  "Lynn Hung",
  "Gordon Lam",
  "Fan Siu-wong",
  "Xing Yu",
  "Chen Zhihui",
  "Hiroyuki Ikeuchi",
  "Tenma Shibuya"
 ],
 "Cinematography": [
  "O Sing-Pui"
 ],
 "Edited by": [
  "Cheung Ka-fai"
 ],
 "Music by": [
  "Kenji Kawai"
 ],
 "Release date": [
  "18 December 2008 (2008-12-18)"
 ],
 "Language": [
  "Chinese (dialect: Cantonese)"
 ],
 "Budget": [
  "US$11,715,578"
 ],
 "Box office": [
  "US$21,888,598"
 ],
 "Distribution companies": [
  "Mandarin Films"
 ]
}
