{
 "Title": [
  "Black '47"
 ],
 "Directed by": [
  "Lance Daly"
 ],
 "Screenplay by": [
  "PJ Dillon",
  "Pierce Ryan",
  "Eugene O'Brien",
  "Lance Daly"
 ],
 "Story by": [
  "PJ Dillon",
  "Pierce Ryan"
 ],
 "Produced by": [
  "Macdara Kelleher",
  "Tim O'Hair",
  "Arcadiy Golubovich",
  "Jonathan Loughran",
  "Jani Thiltges",
  "Martin Metz"
 ],
 "Starring": [
  "Hugo Weaving",
  "James Frecheville",
  "Stephen Rea",
  "Freddie Fox",
  "Barry Keoghan",
  "Moe Dunford",
  "Sarah Greene",
  "Jim Broadbent"
 ],
 "Cinematography": [
  "Declan Quinn"
 ],
 "Edited by": [
  "John Walters",
  "Julian Ulrichs"
 ],
 "Music by": [
  "Brian Byrne"
 ],
 "Production companies": [
  "Wildcard Distribution",
  "Fasnet Films",
  "Primierdian Entertainment",
  "Irish Film Board",
  "Premiere Picture",
  "Samsa Film",
  "Umedia",
  "Sea Around Us",
  "Film Fund Luxembourg",
  "BAI"
 ],
 "Release date": [
  "16 February 2018 (2018-02-16) (Berlin Film Festival)",
  "7 September 2018 (2018-09-07) (Ireland)"
 ],
 "Box office": [
  "€2 million approx."
 ],
 "Language": [
  "English ",
  "Irish"
 ],
 "Distribution companies": [
  "Element Pictures"
 ]
}
