{
 "Title": [
  "The Shawshank Redemption"
 ],
 "Directed by": [
  "Frank Darabont"
 ],
 "Screenplay by": [
  "Frank Darabont"
 ],
 "Produced by": [
  "Niki Marvin"
 ],
 "Starring": [
  "Tim Robbins",
  "Morgan Freeman",
  "Bob Gunton",
  "William Sadler",
  "Clancy Brown",
  "Gil Bellows",
  "James Whitmore"
 ],
 "Cinematography": [
  "Roger Deakins"
 ],
 "Edited by": [
  "Richard Francis-Bruce"
 ],
 "Music by": [
  "Thomas Newman"
 ],
 "Release date": [
  "September 10, 1994 (1994-09-10) (TIFF)",
  "September 23, 1994 (1994-09-23) (United States)"
 ],
 "Language": [
  "English"
 ],
 "Budget": [
  "$25 million"
 ],
 "Box office": [
  "$58.3 million"
 ],
 "Production companies": [
  "Castle Rock Entertainment"
 ],
 "Distribution companies": [
  "Columbia Pictures"
 ]
}
