{
 "Title": [
  "Ant-Man"
 ],
 "Directed by": [
  "Peyton Reed"
 ],
 "Screenplay by": [
  "Edgar Wright",
  "Joe Cornish",
  "Adam McKay",
  "Paul Rudd"
 ],
 "Story by": [
  "Edgar Wright",
  "Joe Cornish"
 ],
 "Produced by": [
  "Kevin Feige"
 ],
 "Starring": [
  "Paul Rudd",
  "Evangeline Lilly",
  "Corey Stoll",
  "Bobby Cannavale",
  "Michael Peña",
  "Tip \"T.I.\" Harris",
  "Anthony Mackie",
  "Wood Harris",
  "Judy Greer",
  "David Dastmalchian",
  "Michael Douglas"
 ],
 "Cinematography": [
  "Russell Carpenter"
 ],
 "Edited by": [
  "Dan Lebental",
  "Colby Parker, Jr."
 ],
 "Music by": [
  "Christophe Beck"
 ],
 "Release date": [
  "June 29, 2015 (2015-06-29) (Dolby Theatre)",
  "July 17, 2015 (2015-07-17) (United States)"
 ],
 "Language": [
  "English"
 ],
 "Budget": [
  "$130-169.3 million"
 ],
 "Box office": [
  "$519.3 million"
 ],
 "Production companies": [
  "Marvel Studios"
 ],
 "Distribution companies": [
  "Walt Disney Studios",
  "Motion Pictures"
 ]
}
