{
 "Title": [
  "Dangal"
 ],
 "Directed by": [
  "Nitesh Tiwari"
 ],
 "Written by": [
  "Nitesh Tiwari",
  "Piyush Gupta",
  "Shreyas Jain",
  "Nikhil Meharotra"
 ],
 "Story by": [
  "Nitesh Tiwari",
  "Divya V. Rao"
 ],
 "Produced by": [
  "Aamir Khan",
  "Kiran Rao",
  "Siddharth Roy Kapur"
 ],
 "Starring": [
  "Aamir Khan",
  "Sakshi Tanwar",
  "Fatima Sana Shaikh",
  "Zaira Wasim",
  "Sanya Malhotra",
  "Suhani Bhatnagar",
  "Aparshakti Khurana",
  "Girish Kulkarni"
 ],
 "Narrated by": [
  "Aparshakti Khurana"
 ],
 "Cinematography": [
  "Setu"
 ],
 "Edited by": [
  "Ballu Saluja"
 ],
 "Music by": [
  "Pritam"
 ],
 "Production companies": [
  "Aamir Khan Productions",
  "Walt Disney Pictures India"
 ],
 "Release date": [
  "21 December 2016 (2016-12-21) (United States)",
  "23 December 2016 (2016-12-23) (India)"
 ],
 "Language": [
  "Hindi"
 ],
 "Budget": [
  "₹70 crore"
 ],
 "Box office": [
  "est. ₹2,024-2,100 crore",
  "$311-340 million"
 ],
 "Distribution companies": [
  "UTV Motion Pictures"
 ]
}
