{
 "Title": [
  "My Neighbor Totoro",
  "Mei and the Kittenbus"
 ],
 "Directed by": [
  "Hayao Miyazaki"
 ],
 "Written by": [
  "Hayao Miyazaki"
 ],
 "Produced by": [
  "Toru Hara"
 ],
 "Starring": [
  "Chika Sakamoto",
  "Noriko Hidaka",
  "Hitoshi Takagi"
 ],
 "Cinematography": [
  "Hisao Shirai"
 ],
 "Edited by": [
  "Takeshi Seyama"
 ],
 "Music by": [
  "Joe Hisaishi"
 ],
 "Release date": [
  "April 16, 1988 (1988-04-16)"
 ],
 "Language": [
  "Japanese"
 ],
 "Box office": [
  "$41 million"
 ],
 "Production companies": [
  "Studio Ghibli"
 ],
 "Distribution companies": [
  "Toho"
 ]
}
