{
 "Title": [
  "Punjab 1984"
 ],
 "Directed by": [
  "Anurag Singh"
 ],
 "Written by": [
  "Surmeet Maavi",
  "Anurag Singh"
 ],
 "Screenplay by": [
  "Anurag Singh"
 ],
 "Story by": [
  "Anurag Singh"
 ],
 "Produced by": [
  "Gunbir Singh Sidhu",
  "Manmord Sidhu"
 ],
 "Starring": [
  "Diljit Dosanjh",
  "Kirron Kher",
  "Pavan Malhotra",
  "Sonam Bajwa",
  "Rana Ranbir"
 ],
 "Cinematography": [
  "Anshul Chobey"
 ],
 "Edited by": [
  "Manish More"
 ],
 "Music by": [
  "Nick Dhammu",
  "Gurmeet Singh",
  "Jatinder Shah",
  "Gurmoh"
 ],
 "Release date": [
  "27 June 2014 (2014-06-27)"
 ],
 "Language": [
  "Punjabi"
 ],
 "Box office": [
  "₹22.64 crores"
 ],
 "Production companies": [
  "White Hill Studios"
 ],
 "Distribution companies": [
  "White Hill Studios"
 ]
}
