{
 "Title": [
  "Wolf Warrior 2"
 ],
 "Directed by": [
  "Wu Jing"
 ],
 "Written by": [
  "Wu Jing",
  "Dong Qun",
  "Liu Yi"
 ],
 "Produced by": [
  "Wu Jing",
  "Jiang Ping",
  "Zhao Haicheng",
  "Li Yang",
  "Zhao Jianjun",
  "Xu Zhiyong",
  "Jing Defu",
  "Liu Kailuo",
  "Deng Hao",
  "Wu Yan"
 ],
 "Starring": [
  "Wu Jing",
  "Celina Jade",
  "Frank Grillo",
  "Hans Zhang",
  "Wu Gang"
 ],
 "Cinematography": [
  "Peter Ngor"
 ],
 "Edited by": [
  "Ka-Fai Cheung"
 ],
 "Music by": [
  "Joseph Trapanese"
 ],
 "Production companies": [
  "Deng Feng International Media",
  "China Film Group",
  "Bona Films",
  "Beijing Culture"
 ],
 "Release date": [
  "27 July 2017 (2017-07-27) (China)"
 ],
 "Language": [
  "Mandarin"
 ],
 "Budget": [
  "CN¥200 million",
  "(US$30.1 million)"
 ],
 "Box office": [
  "CN¥5.68 billion",
  "(US$874 million)"
 ]
}
