{
 "Title": [
  "A Few Good Men"
 ],
 "Directed by": [
  "Rob Reiner"
 ],
 "Screenplay by": [
  "Aaron Sorkin"
 ],
 "Produced by": [
  "Rob Reiner",
  "David Brown",
  "Andrew Scheinman"
 ],
 "Starring": [
  "Tom Cruise",
  "Jack Nicholson",
  "Demi Moore",
  "Kevin Bacon",
  "Kevin Pollak",
  "James Marshall",
  "J. T. Walsh",
  "Kiefer Sutherland"
 ],
 "Cinematography": [
  "Robert Richardson"
 ],
 "Edited by": [
  "Robert Leighton"
 ],
 "Music by": [
  "Marc Shaiman"
 ],
 "Release date": [
  "December 9, 1992 (1992-12-09) (Westwood)",
  "December 11, 1992 (1992-12-11) (United States)"
 ],
 "Language": [
  "English"
 ],
 "Budget": [
  "$33-40 million"
 ],
 "Box office": [
  "$243.2 million"
 ],
 "Production companies": [
  "Castle Rock Entertainment"
 ],
 "Distribution companies": [
  "Columbia Pictures"
 ]
}
