{
 "Title": [
  "The Godfather"
 ],
 "Directed by": [
  "Francis Ford Coppola"
 ],
 "Screenplay by": [
  "Mario Puzo",
  "Francis Ford Coppola"
 ],
 "Produced by": [
  "Albert S. Ruddy"
 ],
 "Starring": [
  "Marlon Brando",
  "Al Pacino",
  "James Caan",
  "Richard Castellano",
  "Robert Duvall",
  "Sterling Hayden",
  "John Marley",
  "Richard Conte",
  "Diane Keaton"
 ],
 "Cinematography": [
  "Gordon Willis"
 ],
 "Edited by": [
  "William Reynolds",
  "Peter Zinner"
 ],
 "Music by": [
  "Nino Rota"
 ],
 "Production companies": [
  "Paramount Pictures",
  "Alfran Productions"
 ],
 "Release date": [
  "March 14, 1972 (1972-03-14) (Loew's State Theatre)",
  "March 24, 1972 (1972-03-24) (United States)"
 ],
 "Language": [
  "English"
 ],
 "Budget": [
  "$6-7.2 million"
 ],
 "Box office": [
  "$246-287 million"
 ],
 "Distribution companies": [
  "Paramount Pictures"
 ]
}
