{
 "Title": [
  "3 Idiots"
 ],
 "Directed by": [
  "Rajkumar Hirani"
 ],
 "Written by": [
  "Abhijat Joshi",
  "Rajkumar Hirani"
 ],
 "Screenplay by": [
  "Abhijat Joshi",
  "Rajkumar Hirani",
  "Vidhu Vinod Chopra"
 ],
 "Produced by": [
  "Vidhu Vinod Chopra"
 ],
 "Starring": [
  "Aamir Khan",
  "R. Madhavan",
  "Sharman Joshi",
  "Kareena Kapoor",
  "Boman Irani",
  "Omi Vaidya"
 ],
 "Narrated by": [
  "R. Madhavan"
 ],
 "Cinematography": [
  "C. K. Muraleedharan"
 ],
 "Edited by": [
  "Rajkumar Hirani"
 ],
 "Music by": [
  "Sanjay Wandrekar",
  "Atul Raninga",
  "Shantanu Moitra",
  "Shantanu Moitra"
 ],
 "Release date": [
  "25 December 2009 (2009-12-25) (India)"
 ],
 "Budget": [
  "₹ 550 million"
 ],
 "Box office": [
  "est. ₹ 4.60 billion"
 ],
 "Language": [
  "Hindi",
  "English"
 ],
 "Production companies": [
  "Vinod Chopra Films"
 ],
 "Distribution companies": [
  "Reliance BIG Pictures"
 ]
}
